{"cameraMode":{"drawMode":0,"name":"Shaded","section":"Shading Mode"},"sceneLighting":true,"audioPlay":false,"sceneViewState":{"showFog":true,"showMaterialUpdate":false,"showSkybox":true,"showFlares":true,"showImageEffects":true,"showParticleSystems":true},"in2DMode":false,"pivot":{"x":343.79681396484377,"y":198.5281524658203,"z":0.9486278891563416},"rotation":{"x":0.002688628388568759,"y":0.0029085548594594,"z":0.0003698660002555698,"w":-1.0002310276031495},"size":226.9877166748047,"orthographic":false}