{"cameraMode":{"drawMode":0,"name":"Shaded","section":"Shading Mode"},"sceneLighting":true,"audioPlay":false,"sceneViewState":{"showFog":true,"showMaterialUpdate":false,"showSkybox":true,"showFlares":true,"showImageEffects":true,"showParticleSystems":true},"in2DMode":false,"pivot":{"x":20.24420166015625,"y":1.7138671875,"z":5.7607421875},"rotation":{"x":-0.008577010594308377,"y":-0.990805983543396,"z":0.10778023302555084,"w":-0.08366997539997101},"size":6.6610822677612309,"orthographic":true}