{"cameraMode":{"drawMode":0,"name":"Shaded","section":"Shading Mode"},"sceneLighting":true,"audioPlay":false,"sceneViewState":{"showFog":true,"showMaterialUpdate":false,"showSkybox":false,"showFlares":true,"showImageEffects":true,"showParticleSystems":true},"in2DMode":false,"pivot":{"x":13.969400405883789,"y":15.999914169311524,"z":8.460220336914063},"rotation":{"x":0.07666484266519547,"y":0.04133032262325287,"z":-0.00371172814629972,"w":0.9964178800582886},"size":33.68589401245117,"orthographic":false}